{
  "_id": "4c1d486b-34e2-4d67-889f-9f66c9001d9b",
  "aiPersonaId": "f8b43ab1-e25f-45c6-9396-886ca463913d",
  "integrationId": "analyze-market-sentiment-4976",
  "name": "Workflow for Analyze Market Sentiment",
  "publisherAccountId": "68f89d2a-a1ea-4f52-8355-eac53c22c410",
  "startTaskId": "ba888e2f-6606-4c58-89b4-e3b24e3549c9",
  "status": "Active",
  "tasks": [
    {
      "_id": "ba888e2f-6606-4c58-89b4-e3b24e3549c9",
      "transitions": [],
      "type": "Display",
      "config": {
        "name": "Display",
        "description": "Display the response to the user",
        "type": "text",
        "text": "Hi there! Intent $input.intent has been matched"
      }
    }
  ],
  "type": "Conversational",
  "version": "latest"
}