{
  "_id": "0ccdce3e-2501-4770-9035-7f395d145cf1",
  "aiPersonaId": "f8b43ab1-e25f-45c6-9396-886ca463913d",
  "integrationId": "track-stock-performance-7834",
  "name": "Workflow for Track Stock Performance",
  "publisherAccountId": "68f89d2a-a1ea-4f52-8355-eac53c22c410",
  "startTaskId": "1316fa5f-8e22-406c-afb6-a51438180782",
  "status": "Active",
  "tasks": [
    {
      "_id": "1316fa5f-8e22-406c-afb6-a51438180782",
      "transitions": [],
      "type": "Display",
      "config": {
        "name": "Display",
        "description": "Display the response to the user",
        "type": "text",
        "text": "Hi there! Intent $input.intent has been matched"
      }
    }
  ],
  "type": "Conversational",
  "version": "latest"
}