{
  "_id": "98ef10e5-8390-4af5-a4dc-98b4f4bc7f86",
  "description": "\"Analyzes technical indicators (SMA, RSI, MACD) using TA-Lib and evaluates trading strategies with performance metrics like win rate, Sharpe ratio, and maximum drawdown.\"",
  "inferenceEngine": {
    "modelId": "8eb6a7ae-c655-4023-a143-36ef18daee75"
  },
  "integrationId": "automated-trading-strategy-evaluator-9703",
  "integrations": {},
  "intentClassification": {
    "modelId": "09c3dc0d-4409-4229-b1ff-99b34a3e2e64"
  },
  "name": "Automated Trading Strategy Evaluator",
  "publisherAccountId": "11e052ab-daa0-4db7-bde6-cfccb9b9be09",
  "status": "Active",
  "useAsChatbot": true,
  "variables": {
    "secrets": [],
    "agent": [
      "stock_data",
      "sharpe_ratio",
      "sr"
    ]
  },
  "miniAgentIds": [
    "18f5a07b-4a83-4359-9936-dffcf1285484"
  ],
  "miniAgents": [
    {
      "_id": "18f5a07b-4a83-4359-9936-dffcf1285484",
      "integrationId": "market-data-fetcher-0961",
      "name": "Market Data Fetcher",
      "scope": "Fetches historical stock data from Yahoo Finance API",
      "intents": [
        {
          "_id": "20d374d6-626a-4b5f-8827-5bdf3fd7a465",
          "name": "Backtest Trading Strategy",
          "description": "Runs historical stock data through SMA, RSI, MACD indicators to evaluate past performance.",
          "examples": [
            "\"Backtest a strategy using RSI on AAPL.\" \"Test SMA and MACD signals for Tesla.\""
          ],
          "workflowId": "a8538729-d635-4622-8c96-50af4d8bb98b",
          "flowType": "Workflow"
        }
      ],
      "miniAgentId": "18f5a07b-4a83-4359-9936-dffcf1285484"
    }
  ],
  "rags": [],
  "intentWorkflows": [
    {
      "_id": "a8538729-d635-4622-8c96-50af4d8bb98b",
      "integrationId": "backtest-trading-strategy-5346",
      "name": "Workflow for Backtest Trading Strategy"
    }
  ]
}