{
  "_id": "95dfd27f-f847-46f8-b0cf-e1f5c3fcf8da",
  "aiPersonaId": "5b26a4a8-b5e4-435f-8b25-997e24a3ffd4",
  "integrationId": "investment-recommendations-0458",
  "name": "Workflow for Investment Recommendations",
  "publisherAccountId": "ef101826-cc0a-4c14-911e-a9cb93412f73",
  "startTaskId": "715b3798-ce48-4df1-b44f-3b55b60be71f",
  "status": "Active",
  "tasks": [
    {
      "_id": "715b3798-ce48-4df1-b44f-3b55b60be71f",
      "transitions": [],
      "type": "Display",
      "config": {
        "name": "Display",
        "description": "Display the response to the user",
        "type": "text",
        "text": "Hi there! Intent $input.intent has been matched"
      }
    }
  ],
  "type": "Conversational",
  "version": "latest"
}