{
  "_id": "2e5f2fb6-7092-45e0-aaeb-ee48cd47bf47",
  "aiPersonaId": "5b26a4a8-b5e4-435f-8b25-997e24a3ffd4",
  "integrationId": "ma-stock-analysis-1028-primary-workflow-for-stock-analysis",
  "isMiniAgentPrimaryWorkflow": true,
  "name": "Primary Workflow for Stock Analysis",
  "publisherAccountId": "ef101826-cc0a-4c14-911e-a9cb93412f73",
  "startTaskId": "9327ba29-03c8-4ddd-aeee-6c50a1dd01ed",
  "status": "Active",
  "tasks": [
    {
      "_id": "9327ba29-03c8-4ddd-aeee-6c50a1dd01ed",
      "type": "PassThrough",
      "config": {
        "name": "Pass Through",
        "description": "Pass through the input to the output"
      },
      "transitions": [
        {
          "_id": "465b000a-f51c-4f26-8832-65b304e878fb-9327ba29-03c8-4ddd-aeee-6c50a1dd01ed",
          "nextTask": "465b000a-f51c-4f26-8832-65b304e878fb",
          "name": "If query doesnt exists",
          "rules": [
            {
              "type": "any",
              "operator": "notExists",
              "path": "$output.query"
            }
          ]
        },
        {
          "_id": "28921492-133b-47e4-8665-08edb13ef01f-9327ba29-03c8-4ddd-aeee-6c50a1dd01ed",
          "nextTask": "28921492-133b-47e4-8665-08edb13ef01f",
          "name": "If intents are already classified",
          "rules": [
            {
              "type": "any",
              "operator": "exists",
              "path": "$output.intents"
            },
            {
              "type": "any",
              "operator": "exists",
              "path": "$output.query"
            }
          ]
        },
        {
          "_id": "9327ba29-03c8-4ddd-aeee-6c50a1dd01ed-4faa9222-c1a1-4b0b-a6b3-8bff5cc9c82e",
          "name": "If query exists",
          "nextTask": "4faa9222-c1a1-4b0b-a6b3-8bff5cc9c82e",
          "rules": [
            {
              "type": "any",
              "operator": "exists",
              "path": "$output.query"
            },
            {
              "type": "any",
              "operator": "notExists",
              "path": "$output.intents"
            }
          ]
        }
      ],
      "globalVariables": [
        {
          "name": "query",
          "referencePath": "$input.query"
        },
        {
          "name": "rawQuery",
          "referencePath": "$input.rawQuery"
        },
        {
          "name": "conversationId",
          "referencePath": "$input.conversationId"
        }
      ]
    },
    {
      "_id": "465b000a-f51c-4f26-8832-65b304e878fb",
      "type": "Input",
      "config": {
        "name": "User Input",
        "description": "Get user input",
        "type": "string"
      },
      "transitions": [
        {
          "_id": "465b000a-f51c-4f26-8832-65b304e878fb-4faa9222-c1a1-4b0b-a6b3-8bff5cc9c82e",
          "name": "Default",
          "nextTask": "4faa9222-c1a1-4b0b-a6b3-8bff5cc9c82e"
        }
      ],
      "globalVariables": [
        {
          "name": "query",
          "referencePath": "$output.userInput"
        },
        {
          "name": "rawQuery",
          "referencePath": "$output.userInput"
        },
        {
          "name": "selfLoopMiniAgent",
          "referencePath": "true"
        }
      ]
    },
    {
      "_id": "4faa9222-c1a1-4b0b-a6b3-8bff5cc9c82e",
      "type": "Loader",
      "config": {
        "name": "Loader",
        "description": "Display loader message",
        "type": "loader",
        "text": "Just a moment... identifying the best approach to assist you."
      },
      "transitions": [
        {
          "_id": "4faa9222-c1a1-4b0b-a6b3-8bff5cc9c82e-a768931e-1dfb-408b-b10c-f01408c75b29",
          "name": "Default",
          "nextTask": "a768931e-1dfb-408b-b10c-f01408c75b29"
        }
      ]
    },
    {
      "_id": "a768931e-1dfb-408b-b10c-f01408c75b29",
      "type": "IntentClassification",
      "config": {
        "name": "Intent Classification",
        "description": "Classify the intent of the user message",
        "modelId": "4cf651d9-edf3-455f-a22e-53cc67fcc07b",
        "intents": [
          {
            "name": "Analyze Stock Performance",
            "description": "Provides detailed analysis of a specific stock's historical performance, including price trends, volume, and volatility.",
            "examples": [
              "How has Apple stock performed over the last year?",
              "Show me the historical price trend for Tesla.",
              "What is the volatility of Amazon stock?"
            ]
          },
          {
            "name": "Predict Stock Prices",
            "description": "Offers predictions on future stock prices based on current market data and trends.",
            "examples": [
              "What is the predicted price of Google stock next week?",
              "Forecast the price of Microsoft stock for the next quarter.",
              "Will Netflix stock go up or down tomorrow?"
            ]
          },
          {
            "name": "Investment Recommendations",
            "description": "Provides investment advice and recommendations based on stock analysis and market conditions.",
            "examples": [
              "Should I invest in Facebook stock right now?",
              "What are the top stock picks for this month?",
              "Recommend some stocks to buy for long-term growth."
            ]
          }
        ],
        "query": "$agent.query"
      },
      "transitions": [
        {
          "_id": "a768931e-1dfb-408b-b10c-f01408c75b29-28921492-133b-47e4-8665-08edb13ef01f",
          "name": "If Intent is Matched",
          "rules": [
            {
              "type": "string",
              "operator": "equal",
              "path": "$output.intentMatched",
              "value": "true"
            }
          ],
          "nextTask": "28921492-133b-47e4-8665-08edb13ef01f"
        },
        {
          "_id": "a768931e-1dfb-408b-b10c-f01408c75b29-db7254d1-666e-421b-a7c6-2e2dcfa775c5",
          "name": "If No Intent is Matched",
          "rules": [
            {
              "type": "string",
              "operator": "equal",
              "path": "$output.intentMatched",
              "value": "false"
            }
          ],
          "nextTask": "db7254d1-666e-421b-a7c6-2e2dcfa775c5"
        }
      ]
    },
    {
      "_id": "28921492-133b-47e4-8665-08edb13ef01f",
      "type": "JSFunction",
      "config": {
        "name": "JS Function",
        "description": "Execute JS function",
        "code": "\nconst main = () => {\n    const currentExecutionId = _id;\n    const intents = agent?.icIntents?.[currentExecutionId] || input.intents;\n    const currentIndex = agent?.icLoopIndexes?.[currentExecutionId] || 0;\n    const currentIntent = intents[currentIndex] || {};\n    const { intent, task } = currentIntent;\n    const state = currentIndex === intents.length ? 'end' : 'continue'\n    const icLoopIndexes = { ...(agent?.icLoopIndexes || {}), [_id]: state === 'end' ? undefined : currentIndex + 1 };\n    const icIntents = { ...(agent?.icIntents || {}), [_id]: state === 'end' ? undefined : intents };\n    return { ...input, intent, state: currentIndex === intents.length ? 'end' : 'continue', icLoopIndexes, icIntents, query: task };\n};\n\nmain()\n"
      },
      "globalVariables": [
        {
          "referencePath": "$output.icLoopIndexes",
          "name": "icLoopIndexes"
        },
        {
          "referencePath": "$output.icIntents",
          "name": "icIntents"
        }
      ],
      "transitions": [
        {
          "_id": "28921492-133b-47e4-8665-08edb13ef01f-e55026e3-d949-420d-b8f2-94d2d59c1c38",
          "name": "If Intent is Matched",
          "rules": [
            {
              "type": "string",
              "operator": "equal",
              "path": "$output.intent",
              "value": "Analyze Stock Performance"
            }
          ],
          "nextTask": "e55026e3-d949-420d-b8f2-94d2d59c1c38"
        },
        {
          "_id": "28921492-133b-47e4-8665-08edb13ef01f-e34990d2-074e-43cc-b211-a1dc15268bcf",
          "name": "If Intent is Matched",
          "rules": [
            {
              "type": "string",
              "operator": "equal",
              "path": "$output.intent",
              "value": "Predict Stock Prices"
            }
          ],
          "nextTask": "e34990d2-074e-43cc-b211-a1dc15268bcf"
        },
        {
          "_id": "28921492-133b-47e4-8665-08edb13ef01f-c59d18e5-a43a-411b-9761-b24d0a099746",
          "name": "If Intent is Matched",
          "rules": [
            {
              "type": "string",
              "operator": "equal",
              "path": "$output.intent",
              "value": "Investment Recommendations"
            }
          ],
          "nextTask": "c59d18e5-a43a-411b-9761-b24d0a099746"
        },
        {
          "_id": "28921492-133b-47e4-8665-08edb13ef01f-465b000a-f51c-4f26-8832-65b304e878fb",
          "name": "If Self Loop",
          "rules": [
            {
              "type": "string",
              "operator": "equal",
              "path": "$agent.selfLoopMiniAgent",
              "value": "true"
            },
            {
              "type": "string",
              "operator": "equal",
              "path": "$output.state",
              "value": "end"
            }
          ],
          "nextTask": "465b000a-f51c-4f26-8832-65b304e878fb"
        }
      ]
    },
    {
      "_id": "e55026e3-d949-420d-b8f2-94d2d59c1c38",
      "type": "Workflow",
      "config": {
        "name": "Intent - Analyze Stock Performance",
        "description": "Workflow for intent - Analyze Stock Performance",
        "workflowId": "08ee8222-588f-410a-9cbf-2f9cce5a2a9b"
      },
      "transitions": [
        {
          "_id": "e55026e3-d949-420d-b8f2-94d2d59c1c38-28921492-133b-47e4-8665-08edb13ef01f",
          "name": "Mini agent execution completed",
          "nextTask": "28921492-133b-47e4-8665-08edb13ef01f"
        }
      ]
    },
    {
      "_id": "e34990d2-074e-43cc-b211-a1dc15268bcf",
      "type": "Workflow",
      "config": {
        "name": "Intent - Predict Stock Prices",
        "description": "Workflow for intent - Predict Stock Prices",
        "workflowId": "8b8c5b50-6b60-4fc7-a703-07ba5d2a7ad1"
      },
      "transitions": [
        {
          "_id": "e34990d2-074e-43cc-b211-a1dc15268bcf-28921492-133b-47e4-8665-08edb13ef01f",
          "name": "Mini agent execution completed",
          "nextTask": "28921492-133b-47e4-8665-08edb13ef01f"
        }
      ]
    },
    {
      "_id": "c59d18e5-a43a-411b-9761-b24d0a099746",
      "type": "Workflow",
      "config": {
        "name": "Intent - Investment Recommendations",
        "description": "Workflow for intent - Investment Recommendations",
        "workflowId": "95dfd27f-f847-46f8-b0cf-e1f5c3fcf8da"
      },
      "transitions": [
        {
          "_id": "c59d18e5-a43a-411b-9761-b24d0a099746-28921492-133b-47e4-8665-08edb13ef01f",
          "name": "Mini agent execution completed",
          "nextTask": "28921492-133b-47e4-8665-08edb13ef01f"
        }
      ]
    },
    {
      "_id": "db7254d1-666e-421b-a7c6-2e2dcfa775c5",
      "transitions": [
        {
          "_id": "db7254d1-666e-421b-a7c6-2e2dcfa775c5-465b000a-f51c-4f26-8832-65b304e878fb",
          "name": "If Self Loop",
          "rules": [
            {
              "type": "string",
              "operator": "equal",
              "path": "$agent.selfLoopMiniAgent",
              "value": "true"
            }
          ],
          "nextTask": "465b000a-f51c-4f26-8832-65b304e878fb"
        }
      ],
      "type": "Output",
      "config": {
        "name": "Output",
        "description": "Output the response to the user",
        "type": "external",
        "text": "Unable to complete task $agent.query"
      }
    },
    {
      "_id": "8b5f902a-0c38-427f-b5f9-d4b929ac6fac",
      "transitions": [
        {
          "_id": "8b5f902a-0c38-427f-b5f9-d4b929ac6fac-465b000a-f51c-4f26-8832-65b304e878fb",
          "name": "If Self Loop",
          "rules": [
            {
              "type": "string",
              "operator": "equal",
              "path": "$agent.selfLoopMiniAgent",
              "value": "true"
            }
          ],
          "nextTask": "465b000a-f51c-4f26-8832-65b304e878fb"
        }
      ],
      "type": "Display",
      "config": {
        "name": "Display",
        "description": "Display the response to the user",
        "type": "text",
        "text": "$input.content"
      }
    }
  ],
  "type": "Conversational",
  "version": "latest"
}