{
  "_id": "8b8c5b50-6b60-4fc7-a703-07ba5d2a7ad1",
  "aiPersonaId": "5b26a4a8-b5e4-435f-8b25-997e24a3ffd4",
  "integrationId": "predict-stock-prices-0458",
  "name": "Workflow for Predict Stock Prices",
  "publisherAccountId": "ef101826-cc0a-4c14-911e-a9cb93412f73",
  "startTaskId": "fa6b0ca3-51ef-4e76-a35e-fced9a632f60",
  "status": "Active",
  "tasks": [
    {
      "_id": "fa6b0ca3-51ef-4e76-a35e-fced9a632f60",
      "transitions": [],
      "type": "Display",
      "config": {
        "name": "Display",
        "description": "Display the response to the user",
        "type": "text",
        "text": "Hi there! Intent $input.intent has been matched"
      }
    }
  ],
  "type": "Conversational",
  "version": "latest"
}