{
  "_id": "5b26a4a8-b5e4-435f-8b25-997e24a3ffd4",
  "inferenceEngine": {
    "modelId": "4cf651d9-edf3-455f-a22e-53cc67fcc07b"
  },
  "integrationId": "stock-market-analyzer-8532",
  "integrations": {},
  "intentClassification": {
    "modelId": "4cf651d9-edf3-455f-a22e-53cc67fcc07b"
  },
  "name": "Stock Market Analyzer",
  "publisherAccountId": "ef101826-cc0a-4c14-911e-a9cb93412f73",
  "status": "Active",
  "useAsChatbot": true,
  "variables": {
    "secrets": [
      {
        "_id": "2512e4b5-f1cc-4104-b620-6406d35cadd2",
        "name": "STOCK_API_KEY",
        "value": "N64HML7Y4A7AZCIC",
        "type": "string",
        "secured": false
      }
    ],
    "agent": [
      "selectedStock",
      "overviewData"
    ]
  },
  "miniAgentIds": [
    "6d21c95c-f01b-43de-86c9-0b820a12e08a"
  ],
  "miniAgents": [
    {
      "_id": "6d21c95c-f01b-43de-86c9-0b820a12e08a",
      "integrationId": "stock-analysis-1028",
      "intents": [
        {
          "_id": "analyze-stock-performance-1029",
          "name": "Analyze Stock Performance",
          "description": "Provides detailed analysis of a specific stock's historical performance, including price trends, volume, and volatility.",
          "examples": [
            "How has Apple stock performed over the last year?",
            "Show me the historical price trend for Tesla.",
            "What is the volatility of Amazon stock?"
          ],
          "flowType": "Workflow",
          "workflowId": "08ee8222-588f-410a-9cbf-2f9cce5a2a9b"
        },
        {
          "_id": "predict-stock-prices-1029",
          "name": "Predict Stock Prices",
          "description": "Offers predictions on future stock prices based on current market data and trends.",
          "examples": [
            "What is the predicted price of Google stock next week?",
            "Forecast the price of Microsoft stock for the next quarter.",
            "Will Netflix stock go up or down tomorrow?"
          ],
          "flowType": "Workflow",
          "workflowId": "8b8c5b50-6b60-4fc7-a703-07ba5d2a7ad1"
        },
        {
          "_id": "investment-recommendations-1029",
          "name": "Investment Recommendations",
          "description": "Provides investment advice and recommendations based on stock analysis and market conditions.",
          "examples": [
            "Should I invest in Facebook stock right now?",
            "What are the top stock picks for this month?",
            "Recommend some stocks to buy for long-term growth."
          ],
          "flowType": "Workflow",
          "workflowId": "95dfd27f-f847-46f8-b0cf-e1f5c3fcf8da"
        }
      ],
      "name": "Stock Analysis",
      "scope": "Handles queries related to analyzing stock performance, predicting stock prices, and providing investment recommendations based on market data.",
      "miniAgentId": "6d21c95c-f01b-43de-86c9-0b820a12e08a"
    }
  ],
  "rags": [],
  "intentWorkflows": [
    {
      "_id": "08ee8222-588f-410a-9cbf-2f9cce5a2a9b",
      "integrationId": "analyze-stock-performance-0458",
      "name": "Workflow for Analyze Stock Performance"
    },
    {
      "_id": "8b8c5b50-6b60-4fc7-a703-07ba5d2a7ad1",
      "integrationId": "predict-stock-prices-0458",
      "name": "Workflow for Predict Stock Prices"
    },
    {
      "_id": "95dfd27f-f847-46f8-b0cf-e1f5c3fcf8da",
      "integrationId": "investment-recommendations-0458",
      "name": "Workflow for Investment Recommendations"
    }
  ]
}