{
  "_id": "a8538729-d635-4622-8c96-50af4d8bb98b",
  "aiPersonaId": "98ef10e5-8390-4af5-a4dc-98b4f4bc7f86",
  "integrationId": "backtest-trading-strategy-5346",
  "name": "Workflow for Backtest Trading Strategy",
  "publisherAccountId": "11e052ab-daa0-4db7-bde6-cfccb9b9be09",
  "startTaskId": "1743178240483",
  "status": "Active",
  "tasks": [
    {
      "_id": "08e92a76-f681-4400-a003-c341e9347abf",
      "type": "Display",
      "config": {
        "description": "Display the response to the user",
        "name": "Display",
        "type": "text",
        "text": "<p><strong>Here is the performance evaluation for your trading strategy on AAPL using SMA (50-200), RSI (14), and MACD (12-26-9):</strong></p><ul><li><p>✅ <strong>Win Rate:</strong> 75%</p></li><li><p>📈 <strong>Sharpe Ratio:</strong> 1.5</p></li><li><p>📉 <strong>Max Drawdown:</strong> -10%</p></li></ul><p></p>",
        "formatVariables": [
          {
            "referencePath": "Stock_Analysis_JS.win_rate",
            "formatType": "PERCENT"
          },
          {
            "referencePath": "Stock_Analysis_JS.sharpe_ratio",
            "formatType": "NUMBER"
          },
          {
            "referencePath": "Stock_Analysis_JS.max_drawdown",
            "formatType": "PERCENT"
          },
          {
            "referencePath": "$agent.sharpe_ratio",
            "formatType": "NUMBER"
          }
        ],
        "rawText": "Here is the performance evaluation for your trading strategy on AAPL using SMA (50-200), RSI (14), and MACD (12-26-9):\n\n✅ Win Rate: 75%\n\n📈 Sharpe Ratio: 1.5\n\n📉 Max Drawdown: -10%"
      },
      "transitions": []
    },
    {
      "_id": "1743178240483",
      "type": "APICall",
      "config": {
        "description": "Make an API call",
        "name": "API Call",
        "url": "https://www.alphavantage.co/query?function=TIME_SERIES_DAILY&symbol=AAPL&apikey=CMZVO3BTHR58S9BG",
        "data": "",
        "dataFormat": "raw",
        "rawDataFormatType": "text",
        "headers": [],
        "params": [
          {
            "key": "symbol",
            "value": "AAPL"
          },
          {
            "key": "interval",
            "value": "1d"
          },
          {
            "key": "range",
            "value": "1y"
          }
        ],
        "method": "GET"
      },
      "transitions": [
        {
          "name": "Default",
          "_id": "1743178240483-1743219585081",
          "nextTask": "1743219585081"
        }
      ],
      "globalVariables": []
    },
    {
      "_id": "1743219585081",
      "type": "JSFunction",
      "config": {
        "description": "Execute JavaScript code",
        "name": "JavaScript (1)",
        "snippetId": "ac401d3e-c55f-4467-80e0-68f76c2e7542"
      },
      "transitions": [
        {
          "name": "Default",
          "_id": "1743219585081-08e92a76-f681-4400-a003-c341e9347abf",
          "nextTask": "08e92a76-f681-4400-a003-c341e9347abf"
        }
      ],
      "globalVariables": [
        {
          "name": "sharpe_ratio",
          "referencePath": "$agent.sharpe_ratio"
        }
      ]
    }
  ],
  "type": "Conversational",
  "version": "latest",
  "reactflow": {
    "viewport": {
      "x": 360.60618414394696,
      "y": 54.26992504227235,
      "zoom": 0.5288641479974888
    },
    "nodes": [
      {
        "id": "0",
        "type": "Start",
        "position": {
          "x": 131.89686406031336,
          "y": 313.7353123064158
        },
        "data": {},
        "deletable": false,
        "measured": {
          "width": 320,
          "height": 176
        },
        "selected": false
      },
      {
        "position": {
          "x": 1316.4031587233908,
          "y": 363.4205240718456
        },
        "type": "Display",
        "id": "08e92a76-f681-4400-a003-c341e9347abf",
        "data": {},
        "measured": {
          "width": 298,
          "height": 78
        },
        "selected": false,
        "dragging": false
      },
      {
        "position": {
          "x": 531.0073085505836,
          "y": 363.4205240718456
        },
        "type": "APICall",
        "id": "1743178240483",
        "data": {},
        "measured": {
          "width": 260,
          "height": 78
        },
        "selected": false,
        "dragging": false
      },
      {
        "position": {
          "x": 905.9524797502955,
          "y": 363.4205240718456
        },
        "type": "JSFunction",
        "id": "1743219585081",
        "data": {},
        "measured": {
          "width": 260,
          "height": 78
        },
        "selected": false,
        "dragging": false
      }
    ],
    "edges": [
      {
        "id": "0-1743178240483",
        "type": "Start",
        "source": "0",
        "target": "1743178240483",
        "markerEnd": {
          "type": "arrowclosed",
          "width": 22,
          "height": 22
        },
        "sourceHandle": "0-source-1",
        "targetHandle": "1743178240483-target-1",
        "selected": false
      },
      {
        "type": "Transition",
        "id": "1743178240483-1743219585081",
        "source": "1743178240483",
        "target": "1743219585081",
        "markerEnd": {
          "type": "arrowclosed",
          "width": 22,
          "height": 22
        },
        "sourceHandle": "1743178240483-source-1",
        "targetHandle": "1743219585081-target-1",
        "selected": false
      },
      {
        "type": "Transition",
        "id": "1743219585081-08e92a76-f681-4400-a003-c341e9347abf",
        "source": "1743219585081",
        "target": "08e92a76-f681-4400-a003-c341e9347abf",
        "markerEnd": {
          "type": "arrowclosed",
          "width": 22,
          "height": 22
        },
        "sourceHandle": "1743219585081-source-1",
        "targetHandle": "08e92a76-f681-4400-a003-c341e9347abf-target-1",
        "selected": false
      }
    ]
  }
}