{
  "_id": "24c63957-6383-4bc9-8a71-53a1bdc2236e",
  "aiPersonaId": "98ef10e5-8390-4af5-a4dc-98b4f4bc7f86",
  "integrationId": "ma-market-data-fetcher-0961-primary-workflow-for-market-data-fetcher",
  "isMiniAgentPrimaryWorkflow": true,
  "name": "Primary Workflow for Market Data Fetcher",
  "publisherAccountId": "11e052ab-daa0-4db7-bde6-cfccb9b9be09",
  "startTaskId": "26df0e49-dc1c-43e6-8cf6-05a0e8fa86e1",
  "status": "Active",
  "tasks": [
    {
      "_id": "26df0e49-dc1c-43e6-8cf6-05a0e8fa86e1",
      "type": "PassThrough",
      "config": {
        "name": "Pass Through",
        "description": "Pass through the input to the output"
      },
      "transitions": [
        {
          "_id": "a809d30a-4433-430e-ab6d-3f35cbd5b885-26df0e49-dc1c-43e6-8cf6-05a0e8fa86e1",
          "nextTask": "a809d30a-4433-430e-ab6d-3f35cbd5b885",
          "name": "If query doesnt exists",
          "rules": [
            {
              "type": "any",
              "operator": "notExists",
              "path": "$output.query"
            }
          ]
        },
        {
          "_id": "4b72a408-9501-4635-9eb4-71679a88176b-26df0e49-dc1c-43e6-8cf6-05a0e8fa86e1",
          "nextTask": "4b72a408-9501-4635-9eb4-71679a88176b",
          "name": "If intents are already classified",
          "rules": [
            {
              "type": "any",
              "operator": "exists",
              "path": "$output.intents"
            },
            {
              "type": "any",
              "operator": "exists",
              "path": "$output.query"
            }
          ]
        },
        {
          "_id": "26df0e49-dc1c-43e6-8cf6-05a0e8fa86e1-bf82808c-5dfd-4cec-a28f-2dd1b06f18f4",
          "name": "If query exists",
          "nextTask": "bf82808c-5dfd-4cec-a28f-2dd1b06f18f4",
          "rules": [
            {
              "type": "any",
              "operator": "exists",
              "path": "$output.query"
            },
            {
              "type": "any",
              "operator": "notExists",
              "path": "$output.intents"
            }
          ]
        }
      ],
      "globalVariables": [
        {
          "name": "query",
          "referencePath": "$input.query"
        },
        {
          "name": "rawQuery",
          "referencePath": "$input.rawQuery"
        },
        {
          "name": "conversationId",
          "referencePath": "$input.conversationId"
        }
      ]
    },
    {
      "_id": "a809d30a-4433-430e-ab6d-3f35cbd5b885",
      "type": "Input",
      "config": {
        "name": "User Input",
        "description": "Get user input",
        "type": "string"
      },
      "transitions": [
        {
          "_id": "a809d30a-4433-430e-ab6d-3f35cbd5b885-bf82808c-5dfd-4cec-a28f-2dd1b06f18f4",
          "name": "Default",
          "nextTask": "bf82808c-5dfd-4cec-a28f-2dd1b06f18f4"
        }
      ],
      "globalVariables": [
        {
          "name": "query",
          "referencePath": "$output.userInput"
        },
        {
          "name": "rawQuery",
          "referencePath": "$output.userInput"
        },
        {
          "name": "selfLoopMiniAgent",
          "referencePath": "true"
        }
      ]
    },
    {
      "_id": "bf82808c-5dfd-4cec-a28f-2dd1b06f18f4",
      "type": "Loader",
      "config": {
        "name": "Loader",
        "description": "Display loader message",
        "type": "loader",
        "text": "Just a moment... identifying the best approach to assist you."
      },
      "transitions": [
        {
          "_id": "bf82808c-5dfd-4cec-a28f-2dd1b06f18f4-36406bfa-f85b-4663-8c71-7aa9d4eb2db4",
          "name": "Default",
          "nextTask": "36406bfa-f85b-4663-8c71-7aa9d4eb2db4"
        }
      ]
    },
    {
      "_id": "36406bfa-f85b-4663-8c71-7aa9d4eb2db4",
      "type": "IntentClassification",
      "config": {
        "name": "Intent Classification",
        "description": "Classify the intent of the user message",
        "modelId": "09c3dc0d-4409-4229-b1ff-99b34a3e2e64",
        "intents": [
          {
            "name": "Backtest Trading Strategy",
            "description": "Runs historical stock data through SMA, RSI, MACD indicators to evaluate past performance.",
            "examples": [
              "\"Backtest a strategy using RSI on AAPL.\" \"Test SMA and MACD signals for Tesla.\""
            ]
          }
        ],
        "query": "$agent.query"
      },
      "transitions": [
        {
          "_id": "36406bfa-f85b-4663-8c71-7aa9d4eb2db4-4b72a408-9501-4635-9eb4-71679a88176b",
          "name": "If Intent is Matched",
          "rules": [
            {
              "type": "string",
              "operator": "equal",
              "path": "$output.intentMatched",
              "value": "true"
            }
          ],
          "nextTask": "4b72a408-9501-4635-9eb4-71679a88176b"
        },
        {
          "_id": "36406bfa-f85b-4663-8c71-7aa9d4eb2db4-22895f39-cf0a-44ad-abf0-3411fcd71139",
          "name": "If No Intent is Matched",
          "rules": [
            {
              "type": "string",
              "operator": "equal",
              "path": "$output.intentMatched",
              "value": "false"
            }
          ],
          "nextTask": "22895f39-cf0a-44ad-abf0-3411fcd71139"
        }
      ]
    },
    {
      "_id": "4b72a408-9501-4635-9eb4-71679a88176b",
      "type": "JSFunction",
      "config": {
        "name": "JS Function",
        "description": "Execute JS function",
        "code": "\nconst main = () => {\n    const currentExecutionId = _id;\n    const intents = agent?.icIntents?.[currentExecutionId] || input.intents;\n    const currentIndex = agent?.icLoopIndexes?.[currentExecutionId] || 0;\n    const currentIntent = intents[currentIndex] || {};\n    const { intent, task } = currentIntent;\n    const state = currentIndex === intents.length ? 'end' : 'continue'\n    const icLoopIndexes = { ...(agent?.icLoopIndexes || {}), [_id]: state === 'end' ? undefined : currentIndex + 1 };\n    const icIntents = { ...(agent?.icIntents || {}), [_id]: state === 'end' ? undefined : intents };\n    return { ...input, intent, state: currentIndex === intents.length ? 'end' : 'continue', icLoopIndexes, icIntents, query: task };\n};\n\nmain()\n"
      },
      "globalVariables": [
        {
          "referencePath": "$output.icLoopIndexes",
          "name": "icLoopIndexes"
        },
        {
          "referencePath": "$output.icIntents",
          "name": "icIntents"
        }
      ],
      "transitions": [
        {
          "_id": "4b72a408-9501-4635-9eb4-71679a88176b-ee0a30db-2a6a-430d-8e4a-a0f1cd072050",
          "name": "If Intent is Matched",
          "rules": [
            {
              "type": "string",
              "operator": "equal",
              "path": "$output.intent",
              "value": "Backtest Trading Strategy"
            }
          ],
          "nextTask": "ee0a30db-2a6a-430d-8e4a-a0f1cd072050"
        },
        {
          "_id": "4b72a408-9501-4635-9eb4-71679a88176b-a809d30a-4433-430e-ab6d-3f35cbd5b885",
          "name": "If Self Loop",
          "rules": [
            {
              "type": "string",
              "operator": "equal",
              "path": "$agent.selfLoopMiniAgent",
              "value": "true"
            },
            {
              "type": "string",
              "operator": "equal",
              "path": "$output.state",
              "value": "end"
            }
          ],
          "nextTask": "a809d30a-4433-430e-ab6d-3f35cbd5b885"
        }
      ]
    },
    {
      "_id": "ee0a30db-2a6a-430d-8e4a-a0f1cd072050",
      "type": "Workflow",
      "config": {
        "name": "Intent - Backtest Trading Strategy",
        "description": "Workflow for intent - Backtest Trading Strategy",
        "workflowId": "a8538729-d635-4622-8c96-50af4d8bb98b"
      },
      "transitions": [
        {
          "_id": "ee0a30db-2a6a-430d-8e4a-a0f1cd072050-4b72a408-9501-4635-9eb4-71679a88176b",
          "name": "Mini agent execution completed",
          "nextTask": "4b72a408-9501-4635-9eb4-71679a88176b"
        }
      ]
    },
    {
      "_id": "22895f39-cf0a-44ad-abf0-3411fcd71139",
      "transitions": [
        {
          "_id": "22895f39-cf0a-44ad-abf0-3411fcd71139-a809d30a-4433-430e-ab6d-3f35cbd5b885",
          "name": "If Self Loop",
          "rules": [
            {
              "type": "string",
              "operator": "equal",
              "path": "$agent.selfLoopMiniAgent",
              "value": "true"
            }
          ],
          "nextTask": "a809d30a-4433-430e-ab6d-3f35cbd5b885"
        }
      ],
      "type": "Output",
      "config": {
        "name": "Output",
        "description": "Output the response to the user",
        "type": "external",
        "text": "Unable to complete task $agent.query"
      }
    },
    {
      "_id": "aa41afdd-9667-4c5f-b80b-36f913b83167",
      "transitions": [
        {
          "_id": "aa41afdd-9667-4c5f-b80b-36f913b83167-a809d30a-4433-430e-ab6d-3f35cbd5b885",
          "name": "If Self Loop",
          "rules": [
            {
              "type": "string",
              "operator": "equal",
              "path": "$agent.selfLoopMiniAgent",
              "value": "true"
            }
          ],
          "nextTask": "a809d30a-4433-430e-ab6d-3f35cbd5b885"
        }
      ],
      "type": "Display",
      "config": {
        "name": "Display",
        "description": "Display the response to the user",
        "type": "text",
        "text": "$input.content"
      }
    }
  ],
  "type": "Conversational",
  "version": "latest"
}