{
  "_id": "c7185329-49f9-45d5-95db-0ccbd15b46fc",
  "name": "Workflow for Backtest Trading Strategy Copy 1743223589696",
  "publisherAccountId": "11e052ab-daa0-4db7-bde6-cfccb9b9be09",
  "integrationId": "workflow-for-backtest-trading-strategy-copy-1743223589696",
  "status": "Active",
  "version": "latest",
  "type": "Conversational",
  "tasks": [
    {
      "_id": "08e92a76-f681-4400-a003-c341e9347abf",
      "type": "Display",
      "config": {
        "description": "Display the response to the user",
        "name": "Display",
        "type": "text",
        "text": "<p>📊 Strategy Evaluation Results:</p><p>✅ Win Rate: $Stock_Analysis_JS.win_rate%</p><p>📈 Sharpe Ratio: $Stock_Analysis_JS.sharpe_ratio</p><p>📉 Max Drawdown: $Stock_Analysis_JS.max_drawdown%</p><p></p>",
        "formatVariables": [
          {
            "referencePath": "Stock_Analysis_JS.win_rate",
            "formatType": "PERCENT"
          },
          {
            "referencePath": "Stock_Analysis_JS.sharpe_ratio",
            "formatType": "NUMBER"
          },
          {
            "referencePath": "Stock_Analysis_JS.max_drawdown",
            "formatType": "PERCENT"
          }
        ],
        "rawText": "📊 Strategy Evaluation Results:\n\n✅ Win Rate: $Stock_Analysis_JS.win_rate%\n\n📈 Sharpe Ratio: $Stock_Analysis_JS.sharpe_ratio\n\n📉 Max Drawdown: $Stock_Analysis_JS.max_drawdown%"
      },
      "transitions": []
    },
    {
      "_id": "1743178240483",
      "type": "APICall",
      "config": {
        "description": "Make an API call",
        "name": "API Call",
        "url": "https://www.alphavantage.co/query?function=TIME_SERIES_DAILY&symbol=AAPL&apikey=CMZVO3BTHR58S9BG",
        "data": "",
        "dataFormat": "raw",
        "rawDataFormatType": "text",
        "headers": [],
        "params": [
          {
            "key": "symbol",
            "value": "AAPL"
          },
          {
            "key": "interval",
            "value": "1d"
          },
          {
            "key": "range",
            "value": "1y"
          }
        ],
        "method": "GET"
      },
      "transitions": [
        {
          "name": "Default",
          "_id": "1743178240483-1743219585081",
          "nextTask": "1743219585081"
        }
      ],
      "globalVariables": []
    },
    {
      "_id": "1743219585081",
      "type": "JSFunction",
      "config": {
        "description": "Execute JavaScript code",
        "name": "JavaScript (1)",
        "snippetId": "ac401d3e-c55f-4467-80e0-68f76c2e7542"
      },
      "transitions": [
        {
          "name": "Default",
          "_id": "1743219585081-08e92a76-f681-4400-a003-c341e9347abf",
          "nextTask": "08e92a76-f681-4400-a003-c341e9347abf"
        }
      ]
    }
  ],
  "reactflow": {
    "viewport": {
      "x": 221.17547848706215,
      "y": -5.586763937225896,
      "zoom": 0.6237194193514498
    },
    "nodes": [
      {
        "id": "0",
        "type": "Start",
        "position": {
          "x": 131.89686406031336,
          "y": 313.7353123064158
        },
        "data": {},
        "deletable": false,
        "measured": {
          "width": 320,
          "height": 176
        },
        "selected": false,
        "dragging": false
      },
      {
        "position": {
          "x": 1316.4031587233908,
          "y": 363.4205240718456
        },
        "type": "Display",
        "id": "08e92a76-f681-4400-a003-c341e9347abf",
        "data": {},
        "measured": {
          "width": 298,
          "height": 78
        },
        "selected": false,
        "dragging": false
      },
      {
        "position": {
          "x": 531.0073085505836,
          "y": 363.4205240718456
        },
        "type": "APICall",
        "id": "1743178240483",
        "data": {},
        "measured": {
          "width": 260,
          "height": 78
        },
        "selected": false,
        "dragging": false
      },
      {
        "position": {
          "x": 905.9524797502955,
          "y": 363.4205240718456
        },
        "type": "JSFunction",
        "id": "1743219585081",
        "data": {},
        "measured": {
          "width": 260,
          "height": 78
        },
        "selected": false,
        "dragging": false
      }
    ],
    "edges": [
      {
        "id": "0-1743178240483",
        "type": "Start",
        "source": "0",
        "target": "1743178240483",
        "markerEnd": {
          "type": "arrowclosed",
          "width": 22,
          "height": 22
        },
        "sourceHandle": "0-source-1",
        "targetHandle": "1743178240483-target-1",
        "selected": false
      },
      {
        "type": "Transition",
        "id": "1743178240483-1743219585081",
        "source": "1743178240483",
        "target": "1743219585081",
        "markerEnd": {
          "type": "arrowclosed",
          "width": 22,
          "height": 22
        },
        "sourceHandle": "1743178240483-source-1",
        "targetHandle": "1743219585081-target-1",
        "selected": false
      },
      {
        "type": "Transition",
        "id": "1743219585081-08e92a76-f681-4400-a003-c341e9347abf",
        "source": "1743219585081",
        "target": "08e92a76-f681-4400-a003-c341e9347abf",
        "markerEnd": {
          "type": "arrowclosed",
          "width": 22,
          "height": 22
        },
        "sourceHandle": "1743219585081-source-1",
        "targetHandle": "08e92a76-f681-4400-a003-c341e9347abf-target-1",
        "selected": false
      }
    ]
  },
  "startTaskId": "1743178240483",
  "aiPersonaId": "98ef10e5-8390-4af5-a4dc-98b4f4bc7f86"
}