{
  "_id": "c84df3a4-0518-46ad-8d46-f39a9e92b303",
  "name": "Workflow for Backtest Trading Strategy Copy 1743178221476",
  "publisherAccountId": "11e052ab-daa0-4db7-bde6-cfccb9b9be09",
  "integrationId": "workflow-for-backtest-trading-strategy-copy-1743178221476",
  "status": "Active",
  "version": "latest",
  "type": "Conversational",
  "tasks": [
    {
      "_id": "08e92a76-f681-4400-a003-c341e9347abf",
      "type": "Display",
      "config": {
        "description": "Display the response to the user",
        "name": "Display",
        "type": "text",
        "text": "Hi there! Intent $input.intent has been matched"
      },
      "transitions": []
    }
  ],
  "reactflow": {
    "viewport": {
      "x": 116.02165165863397,
      "y": 71.8713949326679,
      "zoom": 0.6561056272959809
    },
    "nodes": [
      {
        "id": "0",
        "type": "Start",
        "position": {
          "x": 306.6549309381081,
          "y": 363.4205240718456
        },
        "data": {},
        "deletable": false,
        "measured": {
          "width": 320,
          "height": 176
        },
        "selected": false,
        "dragging": false
      },
      {
        "position": {
          "x": 840,
          "y": 400
        },
        "type": "Display",
        "id": "08e92a76-f681-4400-a003-c341e9347abf",
        "data": {},
        "measured": {
          "width": 298,
          "height": 78
        },
        "selected": false
      }
    ],
    "edges": [
      {
        "id": "0-0",
        "type": "Start",
        "source": "0",
        "target": "08e92a76-f681-4400-a003-c341e9347abf",
        "sourceHandle": "0-source-1",
        "selected": false
      }
    ]
  },
  "startTaskId": "08e92a76-f681-4400-a003-c341e9347abf",
  "aiPersonaId": "98ef10e5-8390-4af5-a4dc-98b4f4bc7f86"
}