{
  "_id": "ac401d3e-c55f-4467-80e0-68f76c2e7542",
  "aiPersonaId": "98ef10e5-8390-4af5-a4dc-98b4f4bc7f86",
  "code": "const main = async (input) => {\n    try {\n        const stockSymbol = input.stock || \"AAPL\";  // Default stock\n        const apiKey = \"YOUR_API_KEY\";  // Replace with your actual API key\n\n        // ✅ Properly formatted API URL\n        const url = `https://www.alphavantage.co/query?function=TIME_SERIES_DAILY&symbol=${stockSymbol}&apikey=${apiKey}`;\n        \n        const response = await fetch(url);\n        const data = await response.json();\n\n        // ✅ Check if API returned valid stock data\n        if (!data[\"Time Series (Daily)\"]) {\n            return { error: \"Invalid stock symbol or API limit exceeded.\" };\n        }\n\n        // ✅ Extract the latest stock price\n        const timeSeries = data[\"Time Series (Daily)\"];\n        const latestDate = Object.keys(timeSeries)[0];  // Get most recent date\n        const latestClose = timeSeries[latestDate][\"4. close\"];\n\n        // ✅ Generate simulated trading metrics\n        const winRate = Math.floor(Math.random() * (85 - 60 + 1)) + 60;  // Random 60-85%\n        const sharpeRatio = (Math.random() * (2.0 - 0.8) + 0.8).toFixed(2);  // Random 0.8 - 2.0\n        const maxDrawdown = -(Math.floor(Math.random() * (20 - 5 + 1)) + 5);  // Random -5% to -20%\n\n        return {\n            stock: stockSymbol,\n            latest_price: `$${latestClose}`,\n            win_rate: `${winRate}%`,\n            sharpe_ratio: `${sharpeRatio}`,\n            max_drawdown: `${maxDrawdown}%`\n        };\n\n    } catch (error) {\n        return { error: \"An error occurred while fetching data.\" };\n    }\n};\n\n// ✅ Run the function with a test stock symbol\nmain({ stock: \"TSLA\" })\n    .then(console.log)\n    .catch(console.error);\n\n\n\n\n\n\n",
  "name": "Stock_Analysis_JS",
  "status": "Active"
}