{
  "_id": "c36d2da7-5d41-4a38-9d8f-9fb13179967d",
  "aiPersonaId": "f8b43ab1-e25f-45c6-9396-886ca463913d",
  "integrationId": "detect-market-trends-7834",
  "name": "Workflow for Detect Market Trends",
  "publisherAccountId": "68f89d2a-a1ea-4f52-8355-eac53c22c410",
  "startTaskId": "d037a021-db7d-4b44-a3d0-16f559cd7cde",
  "status": "Active",
  "tasks": [
    {
      "_id": "d037a021-db7d-4b44-a3d0-16f559cd7cde",
      "transitions": [],
      "type": "Display",
      "config": {
        "name": "Display",
        "description": "Display the response to the user",
        "type": "text",
        "text": "Hi there! Intent $input.intent has been matched"
      }
    }
  ],
  "type": "Conversational",
  "version": "latest"
}