{
  "_id": "ad9611f8-02c5-4073-9a71-b712f86654ca",
  "aiPersonaId": "f8b43ab1-e25f-45c6-9396-886ca463913d",
  "integrationId": "forecast-price-movements-0146",
  "name": "Workflow for Forecast Price Movements",
  "publisherAccountId": "68f89d2a-a1ea-4f52-8355-eac53c22c410",
  "startTaskId": "6db24d88-a432-4e16-b256-47e26d55073c",
  "status": "Active",
  "tasks": [
    {
      "_id": "6db24d88-a432-4e16-b256-47e26d55073c",
      "transitions": [],
      "type": "Display",
      "config": {
        "name": "Display",
        "description": "Display the response to the user",
        "type": "text",
        "text": "Hi there! Intent $input.intent has been matched"
      }
    }
  ],
  "type": "Conversational",
  "version": "latest"
}