{
  "_id": "f8b43ab1-e25f-45c6-9396-886ca463913d",
  "inferenceEngine": {
    "modelId": "4cf651d9-edf3-455f-a22e-53cc67fcc07b"
  },
  "integrationId": "stock-market-insights-ai-4443",
  "integrations": {},
  "intentClassification": {
    "modelId": "4cf651d9-edf3-455f-a22e-53cc67fcc07b"
  },
  "name": "Stock Market Insights AI",
  "publisherAccountId": "68f89d2a-a1ea-4f52-8355-eac53c22c410",
  "status": "Active",
  "useAsChatbot": true,
  "variables": {
    "secrets": [
      {
        "_id": "647d1c6c-4c22-48c0-b25e-cf0cb83c270b",
        "name": "AlphaVantage",
        "value": "BBOC1DWR63KK5GTY",
        "type": "string",
        "secured": false
      }
    ],
    "agent": [
      "investment_goal",
      "risk_tolerance",
      "investment_horizon",
      "budget",
      "prompt_output",
      "news_text",
      "sentiment_input",
      "stock_name",
      "apiresponse",
      "jsresponse"
    ]
  },
  "miniAgentIds": [
    "8a874bd1-e848-4760-add0-6b2cf303c159",
    "39585346-2556-4f76-a2b3-ee77466d7898",
    "df565a3b-96d2-47de-92df-95318fbb8ee5",
    "d3a78ef9-9ce1-4676-a88c-12fcc0c6210e",
    "181f2950-1a89-41c9-bc73-5113b7b0c90f"
  ],
  "miniAgents": [
    {
      "_id": "181f2950-1a89-41c9-bc73-5113b7b0c90f",
      "integrationId": "investment-recommendations-agent-6608",
      "intents": [
        {
          "_id": "recommend-investments-6608",
          "name": "Recommend Investments",
          "description": "Provides investment recommendations based on current market data and individual risk profiles.",
          "examples": [
            "What stocks should I consider buying this week?",
            "Recommend some low-risk investment opportunities.",
            "What are the best investment options in the tech sector?"
          ],
          "flowType": "Workflow",
          "workflowId": "83de7d1b-f18a-41e7-888f-584b6b560ec9"
        }
      ],
      "name": "Investment Recommendations Agent",
      "scope": "Suggests potential investment opportunities based on data-driven analysis and risk assessment. It evaluates various factors to provide personalized investment advice.",
      "miniAgentId": "181f2950-1a89-41c9-bc73-5113b7b0c90f"
    },
    {
      "_id": "d3a78ef9-9ce1-4676-a88c-12fcc0c6210e",
      "integrationId": "sentiment-analysis-agent-4075",
      "intents": [
        {
          "_id": "analyze-market-sentiment-4075",
          "name": "Analyze Market Sentiment",
          "description": "Assesses the overall market sentiment by analyzing news articles and social media posts.",
          "examples": [
            "What is the current sentiment on Tesla in the news?",
            "Analyze the social media sentiment for Bitcoin.",
            "Is the market sentiment bullish or bearish today?"
          ],
          "flowType": "Workflow",
          "workflowId": "4c1d486b-34e2-4d67-889f-9f66c9001d9b"
        }
      ],
      "name": "Sentiment Analysis Agent",
      "scope": "Evaluates market sentiment from news sources and social media to detect bullish or bearish trends. It analyzes the tone and context of market-related discussions.",
      "miniAgentId": "d3a78ef9-9ce1-4676-a88c-12fcc0c6210e"
    },
    {
      "_id": "df565a3b-96d2-47de-92df-95318fbb8ee5",
      "integrationId": "news-summarization-agent-1775",
      "intents": [
        {
          "_id": "summarize-financial-news-1775",
          "name": "Summarize Financial News",
          "description": "Provides concise summaries of the latest financial news and its potential impact on the market.",
          "examples": [
            "Summarize today's top financial news.",
            "What are the key takeaways from the latest earnings report of Apple?",
            "How might the new regulations affect the banking sector?"
          ],
          "flowType": "Workflow",
          "workflowId": "cd13353f-ce5e-431e-b51a-cd2a5fe9bf05"
        }
      ],
      "name": "News Summarization Agent",
      "scope": "Extracts key insights from financial news, earnings reports, and regulatory updates to assess their impact on the stock market.",
      "miniAgentId": "df565a3b-96d2-47de-92df-95318fbb8ee5"
    },
    {
      "_id": "39585346-2556-4f76-a2b3-ee77466d7898",
      "integrationId": "predictive-insights-agent-9476",
      "intents": [
        {
          "_id": "forecast-price-movements-9476",
          "name": "Forecast Price Movements",
          "description": "Predicts short-term price movements based on historical data and market patterns.",
          "examples": [
            "What is the predicted price movement for Google stock?",
            "Forecast the short-term trend for Microsoft.",
            "What are the expected price changes for Netflix this week?"
          ],
          "flowType": "Workflow",
          "workflowId": "ad9611f8-02c5-4073-9a71-b712f86654ca"
        },
        {
          "_id": "identify-trading-patterns-9476",
          "name": "Identify Trading Patterns",
          "description": "Detects recurring trading patterns in historical stock data to inform trading strategies.",
          "examples": [
            "Identify any head and shoulders patterns in the last month.",
            "Are there any double bottom patterns in the tech stocks?",
            "What trading patterns are emerging in the financial sector?"
          ],
          "flowType": "Workflow",
          "workflowId": "c0201315-6d3a-4169-b123-e9799d4a9ff9"
        }
      ],
      "name": "Predictive Insights Agent",
      "scope": "Analyzes historical stock data to forecast short-term price movements and identify trading patterns. It uses statistical models and machine learning algorithms to predict future market behavior.",
      "miniAgentId": "39585346-2556-4f76-a2b3-ee77466d7898"
    },
    {
      "_id": "8a874bd1-e848-4760-add0-6b2cf303c159",
      "integrationId": "market-analysis-agent-6940",
      "intents": [
        {
          "_id": "track-stock-performance-6940",
          "name": "Track Stock Performance",
          "description": "Monitors the performance of specific stocks in real-time using various technical indicators.",
          "examples": [
            "How is Apple stock performing today?",
            "Show me the RSI for Tesla.",
            "What are the current Bollinger Bands for Amazon?"
          ],
          "flowType": "Workflow",
          "workflowId": "0ccdce3e-2501-4770-9035-7f395d145cf1"
        },
        {
          "_id": "detect-market-trends-6940",
          "name": "Detect Market Trends",
          "description": "Identifies and reports on emerging trends in the stock market using technical analysis.",
          "examples": [
            "Are there any upward trends in the tech sector?",
            "Detect any bearish patterns in the energy market.",
            "What trends are visible in the S&P 500?"
          ],
          "flowType": "Workflow",
          "workflowId": "c36d2da7-5d41-4a38-9d8f-9fb13179967d"
        }
      ],
      "name": "Market Analysis Agent",
      "scope": "Tracks stock performance and detects real-time trends using technical indicators such as Moving Averages, RSI, MACD, and Bollinger Bands. It provides insights into current market conditions and identifies potential entry and exit points for traders.",
      "miniAgentId": "8a874bd1-e848-4760-add0-6b2cf303c159"
    }
  ],
  "rags": [],
  "intentWorkflows": [
    {
      "_id": "0ccdce3e-2501-4770-9035-7f395d145cf1",
      "integrationId": "track-stock-performance-7834",
      "name": "Workflow for Track Stock Performance"
    },
    {
      "_id": "4c1d486b-34e2-4d67-889f-9f66c9001d9b",
      "integrationId": "analyze-market-sentiment-4976",
      "name": "Workflow for Analyze Market Sentiment"
    },
    {
      "_id": "83de7d1b-f18a-41e7-888f-584b6b560ec9",
      "integrationId": "recommend-investments-7310",
      "name": "Workflow for Recommend Investments"
    },
    {
      "_id": "ad9611f8-02c5-4073-9a71-b712f86654ca",
      "integrationId": "forecast-price-movements-0146",
      "name": "Workflow for Forecast Price Movements"
    },
    {
      "_id": "c0201315-6d3a-4169-b123-e9799d4a9ff9",
      "integrationId": "identify-trading-patterns-0146",
      "name": "Workflow for Identify Trading Patterns"
    },
    {
      "_id": "c36d2da7-5d41-4a38-9d8f-9fb13179967d",
      "integrationId": "detect-market-trends-7834",
      "name": "Workflow for Detect Market Trends"
    },
    {
      "_id": "cd13353f-ce5e-431e-b51a-cd2a5fe9bf05",
      "integrationId": "summarize-financial-news-2444",
      "name": "Workflow for Summarize Financial News"
    }
  ]
}